,Location,airTemperature,precipitation,time,windSpeed
0,New York,26.42,0.0,2019-07-13T01:00:00+00:00,4.19
1,New York,25.59,0.0,2019-07-13T02:00:00+00:00,4.31
2,New York,24.76,0.0,2019-07-13T03:00:00+00:00,4.44
3,New York,24.16,0.0,2019-07-13T04:00:00+00:00,4.42
4,New York,23.55,0.0,2019-07-13T05:00:00+00:00,4.4
5,New York,22.95,0.0,2019-07-13T06:00:00+00:00,4.38
6,New York,22.52,0.0,2019-07-13T07:00:00+00:00,4.1
7,New York,22.08,0.0,2019-07-13T08:00:00+00:00,3.81
8,New York,21.65,0.0,2019-07-13T09:00:00+00:00,3.53
9,New York,22.09,0.0,2019-07-13T10:00:00+00:00,3.33
10,New York,22.54,0.0,2019-07-13T11:00:00+00:00,3.14
11,New York,22.98,0.0,2019-07-13T12:00:00+00:00,2.94
12,New York,24.62,0.0,2019-07-13T13:00:00+00:00,3.03
13,New York,26.27,0.0,2019-07-13T14:00:00+00:00,3.13
14,New York,27.91,0.0,2019-07-13T15:00:00+00:00,3.22
15,New York,29.23,0.0,2019-07-13T16:00:00+00:00,3.12
16,New York,30.56,0.0,2019-07-13T17:00:00+00:00,3.03
17,New York,31.88,0.0,2019-07-13T18:00:00+00:00,2.93
18,New York,32.33,0.0,2019-07-13T19:00:00+00:00,3.14
19,New York,32.78,0.0,2019-07-13T20:00:00+00:00,3.36
20,New York,33.22,0.0,2019-07-13T21:00:00+00:00,3.57
21,New York,31.77,0.0,2019-07-13T22:00:00+00:00,3.38
22,New York,30.31,0.0,2019-07-13T23:00:00+00:00,3.19
23,New York,30.53,0.07,2019-07-31T01:00:00+00:00,2.84
24,New York,30.09,0.04,2019-07-31T02:00:00+00:00,2.95
25,New York,29.65,0.0,2019-07-31T03:00:00+00:00,3.05
26,New York,28.72,0.0,2019-07-31T04:00:00+00:00,2.44
27,New York,27.78,0.0,2019-07-31T05:00:00+00:00,1.84
28,New York,26.85,0.0,2019-07-31T06:00:00+00:00,1.23
29,New York,26.65,0.0,2019-07-31T07:00:00+00:00,1.08
30,New York,26.46,0.0,2019-07-31T08:00:00+00:00,0.92
31,New York,26.26,0.0,2019-07-31T09:00:00+00:00,0.77
32,New York,26.52,0.06,2019-07-31T10:00:00+00:00,0.77
33,New York,26.78,0.12,2019-07-31T11:00:00+00:00,0.76
34,New York,27.04,0.18,2019-07-31T12:00:00+00:00,0.76
35,New York,28.71,0.24,2019-07-31T13:00:00+00:00,1.08
36,New York,30.38,0.3,2019-07-31T14:00:00+00:00,1.41
37,New York,32.05,0.36,2019-07-31T15:00:00+00:00,1.73
38,New York,32.24,0.8,2019-07-31T16:00:00+00:00,2.39
39,New York,32.43,1.25,2019-07-31T17:00:00+00:00,3.06
40,New York,32.62,1.69,2019-07-31T18:00:00+00:00,3.72
41,New York,30.53,2.57,2019-07-31T19:00:00+00:00,3.74
42,New York,28.44,3.44,2019-07-31T20:00:00+00:00,3.77
43,New York,26.35,4.32,2019-07-31T21:00:00+00:00,3.79
44,New York,26.39,2.9,2019-07-31T22:00:00+00:00,3.45
45,New York,26.44,1.49,2019-07-31T23:00:00+00:00,3.1
46,New York,28.42,0.07,2019-08-02T01:00:00+00:00,1.81
47,New York,27.78,0.04,2019-08-02T02:00:00+00:00,1.75
48,New York,27.15,0.0,2019-08-02T03:00:00+00:00,1.69
49,New York,26.83,0.01,2019-08-02T04:00:00+00:00,1.61
50,New York,26.5,0.02,2019-08-02T05:00:00+00:00,1.54
51,New York,26.18,0.04,2019-08-02T06:00:00+00:00,1.46
52,New York,25.57,0.02,2019-08-02T07:00:00+00:00,1.74
53,New York,24.96,0.01,2019-08-02T08:00:00+00:00,2.01
54,New York,24.35,0.0,2019-08-02T09:00:00+00:00,2.29
55,New York,24.37,0.06,2019-08-02T10:00:00+00:00,2.22
56,New York,24.4,0.12,2019-08-02T11:00:00+00:00,2.16
57,New York,24.42,0.18,2019-08-02T12:00:00+00:00,2.09
58,New York,26.26,0.24,2019-08-02T13:00:00+00:00,1.95
59,New York,28.11,0.3,2019-08-02T14:00:00+00:00,1.81
60,New York,29.95,0.36,2019-08-02T15:00:00+00:00,1.67
61,New York,30.48,0.24,2019-08-02T16:00:00+00:00,1.9
62,New York,31.01,0.12,2019-08-02T17:00:00+00:00,2.14
63,New York,31.55,0.0,2019-08-02T18:00:00+00:00,2.37
64,New York,30.95,0.0,2019-08-02T19:00:00+00:00,2.79
65,New York,30.35,0.0,2019-08-02T20:00:00+00:00,3.22
66,New York,29.75,0.0,2019-08-02T21:00:00+00:00,3.64
67,New York,28.95,0.0,2019-08-02T22:00:00+00:00,3.32
68,New York,28.15,0.0,2019-08-02T23:00:00+00:00,3.0
69,New York,25.14,0.0,2019-08-16T01:00:00+00:00,2.9
70,New York,24.6,0.0,2019-08-16T02:00:00+00:00,2.57
71,New York,24.06,0.0,2019-08-16T03:00:00+00:00,2.25
72,New York,23.77,0.0,2019-08-16T04:00:00+00:00,2.67
73,New York,23.47,0.0,2019-08-16T05:00:00+00:00,3.1
74,New York,23.17,0.0,2019-08-16T06:00:00+00:00,3.52
75,New York,22.79,0.0,2019-08-16T07:00:00+00:00,2.72
76,New York,22.4,0.0,2019-08-16T08:00:00+00:00,1.93
77,New York,22.02,0.0,2019-08-16T09:00:00+00:00,1.13
78,New York,22.26,0.0,2019-08-16T10:00:00+00:00,1.32
79,New York,22.51,0.0,2019-08-16T11:00:00+00:00,1.51
80,New York,22.75,0.0,2019-08-16T12:00:00+00:00,1.7
81,New York,23.49,0.0,2019-08-16T13:00:00+00:00,1.73
82,New York,24.23,0.0,2019-08-16T14:00:00+00:00,1.77
83,New York,24.96,0.0,2019-08-16T15:00:00+00:00,1.8
84,New York,26.74,0.0,2019-08-16T16:00:00+00:00,1.92
85,New York,28.51,0.0,2019-08-16T17:00:00+00:00,2.04
86,New York,30.29,0.0,2019-08-16T18:00:00+00:00,2.16
87,New York,30.0,0.0,2019-08-16T19:00:00+00:00,2.72
88,New York,29.72,0.0,2019-08-16T20:00:00+00:00,3.28
89,New York,29.44,0.0,2019-08-16T21:00:00+00:00,3.84
90,New York,28.43,0.0,2019-08-16T22:00:00+00:00,3.47
91,New York,27.42,0.0,2019-08-16T23:00:00+00:00,3.1
92,New York,9.75,0.0,2019-11-27T01:00:00+00:00,1.3
93,New York,9.33,0.0,2019-11-27T02:00:00+00:00,1.11
94,New York,8.91,0.0,2019-11-27T03:00:00+00:00,0.91
95,New York,8.73,0.0,2019-11-27T04:00:00+00:00,0.75
96,New York,8.56,0.0,2019-11-27T05:00:00+00:00,0.58
97,New York,8.39,0.0,2019-11-27T06:00:00+00:00,0.42
98,New York,8.08,0.0,2019-11-27T07:00:00+00:00,0.68
99,New York,7.77,0.0,2019-11-27T08:00:00+00:00,0.93
100,New York,7.46,0.0,2019-11-27T09:00:00+00:00,1.19
101,New York,7.32,0.0,2019-11-27T10:00:00+00:00,1.08
102,New York,7.17,0.0,2019-11-27T11:00:00+00:00,0.96
103,New York,7.03,0.0,2019-11-27T12:00:00+00:00,0.85
104,New York,7.97,0.0,2019-11-27T13:00:00+00:00,1.51
105,New York,8.9,0.0,2019-11-27T14:00:00+00:00,2.16
106,New York,9.84,0.0,2019-11-27T15:00:00+00:00,2.82
107,New York,10.68,0.0,2019-11-27T16:00:00+00:00,3.19
108,New York,11.51,0.0,2019-11-27T17:00:00+00:00,3.56
109,New York,12.34,0.0,2019-11-27T18:00:00+00:00,3.93
110,New York,12.24,0.0,2019-11-27T19:00:00+00:00,3.71
111,New York,12.13,0.0,2019-11-27T20:00:00+00:00,3.5
112,New York,12.02,0.0,2019-11-27T21:00:00+00:00,3.28
113,New York,11.98,0.0,2019-11-27T22:00:00+00:00,2.59
114,New York,11.93,0.0,2019-11-27T23:00:00+00:00,1.91
115,New York,28.97,0.17,2019-08-20T01:00:00+00:00,2.13
116,New York,28.48,0.09,2019-08-20T02:00:00+00:00,2.55
117,New York,28.0,0.0,2019-08-20T03:00:00+00:00,2.97
118,New York,27.39,0.02,2019-08-20T04:00:00+00:00,2.93
119,New York,26.78,0.05,2019-08-20T05:00:00+00:00,2.89
120,New York,26.17,0.07,2019-08-20T06:00:00+00:00,2.85
121,New York,25.62,0.05,2019-08-20T07:00:00+00:00,2.62
122,New York,25.07,0.02,2019-08-20T08:00:00+00:00,2.38
123,New York,24.52,0.0,2019-08-20T09:00:00+00:00,2.15
124,New York,24.68,0.19,2019-08-20T10:00:00+00:00,2.16
125,New York,24.83,0.38,2019-08-20T11:00:00+00:00,2.17
126,New York,24.98,0.58,2019-08-20T12:00:00+00:00,2.18
127,New York,26.91,0.62,2019-08-20T13:00:00+00:00,1.83
128,New York,28.83,0.67,2019-08-20T14:00:00+00:00,1.49
129,New York,30.75,0.72,2019-08-20T15:00:00+00:00,1.14
130,New York,31.98,0.56,2019-08-20T16:00:00+00:00,1.17
131,New York,33.22,0.39,2019-08-20T17:00:00+00:00,1.19
132,New York,34.45,0.23,2019-08-20T18:00:00+00:00,1.22
133,New York,33.68,0.15,2019-08-20T19:00:00+00:00,2.11
134,New York,32.92,0.08,2019-08-20T20:00:00+00:00,3.0
135,New York,32.15,0.0,2019-08-20T21:00:00+00:00,3.89
136,New York,31.19,0.18,2019-08-20T22:00:00+00:00,3.62
137,New York,30.22,0.36,2019-08-20T23:00:00+00:00,3.36
138,New York,7.96,1.12,2019-12-24T01:00:00+00:00,6.33
139,New York,7.57,0.9,2019-12-24T02:00:00+00:00,6.99
140,New York,7.19,0.68,2019-12-24T03:00:00+00:00,7.64
141,New York,7.01,0.45,2019-12-24T04:00:00+00:00,7.43
142,New York,6.84,0.23,2019-12-24T05:00:00+00:00,7.23
143,New York,6.66,0.0,2019-12-24T06:00:00+00:00,7.02
144,New York,6.42,0.0,2019-12-24T07:00:00+00:00,7.31
145,New York,6.17,0.0,2019-12-24T08:00:00+00:00,7.59
146,New York,5.93,0.0,2019-12-24T09:00:00+00:00,7.88
147,New York,5.62,0.0,2019-12-24T10:00:00+00:00,6.93
148,New York,5.32,0.0,2019-12-24T11:00:00+00:00,5.99
149,New York,5.01,0.0,2019-12-24T12:00:00+00:00,5.04
150,New York,4.87,0.0,2019-12-24T13:00:00+00:00,5.78
151,New York,4.74,0.0,2019-12-24T14:00:00+00:00,6.51
152,New York,4.6,0.0,2019-12-24T15:00:00+00:00,7.25
153,New York,5.01,0.0,2019-12-24T16:00:00+00:00,6.94
154,New York,5.41,0.0,2019-12-24T17:00:00+00:00,6.63
155,New York,5.82,0.0,2019-12-24T18:00:00+00:00,6.32
156,New York,5.97,0.3,2019-12-24T19:00:00+00:00,6.19
157,New York,6.13,0.6,2019-12-24T20:00:00+00:00,6.07
158,New York,6.28,0.9,2019-12-24T21:00:00+00:00,5.94
159,New York,6.04,1.2,2019-12-24T22:00:00+00:00,5.73
160,New York,5.81,1.5,2019-12-24T23:00:00+00:00,5.51
161,Chicago,6.87,1.08,2019-11-27T01:00:00+00:00,3.69
162,Chicago,7.26,2.16,2019-11-27T02:00:00+00:00,3.72
163,Chicago,7.64,3.24,2019-11-27T03:00:00+00:00,3.76
164,Chicago,8.6,2.28,2019-11-27T04:00:00+00:00,4.17
165,Chicago,9.57,1.32,2019-11-27T05:00:00+00:00,4.59
166,Chicago,10.54,0.36,2019-11-27T06:00:00+00:00,5.0
167,Chicago,10.79,2.76,2019-11-27T07:00:00+00:00,5.01
168,Chicago,11.04,5.16,2019-11-27T08:00:00+00:00,5.03
169,Chicago,11.28,7.56,2019-11-27T09:00:00+00:00,5.04
170,Chicago,10.31,5.04,2019-11-27T10:00:00+00:00,6.06
171,Chicago,9.33,2.52,2019-11-27T11:00:00+00:00,7.08
172,Chicago,8.35,0.0,2019-11-27T12:00:00+00:00,8.1
173,Chicago,7.82,0.0,2019-11-27T13:00:00+00:00,9.04
174,Chicago,7.3,0.0,2019-11-27T14:00:00+00:00,9.98
175,Chicago,6.77,0.0,2019-11-27T15:00:00+00:00,10.92
176,Chicago,6.16,0.0,2019-11-27T16:00:00+00:00,11.29
177,Chicago,5.55,0.0,2019-11-27T17:00:00+00:00,11.65
178,Chicago,4.93,0.0,2019-11-27T18:00:00+00:00,12.02
179,Chicago,4.51,0.0,2019-11-27T19:00:00+00:00,11.42
180,Chicago,4.09,0.0,2019-11-27T20:00:00+00:00,10.83
181,Chicago,3.66,0.0,2019-11-27T21:00:00+00:00,10.23
182,Chicago,2.94,0.0,2019-11-27T22:00:00+00:00,8.99
183,Chicago,2.22,0.0,2019-11-27T23:00:00+00:00,7.74
184,Chicago,27.49,0.0,2019-07-13T01:00:00+00:00,3.52
185,Chicago,26.43,0.0,2019-07-13T02:00:00+00:00,3.7
186,Chicago,25.36,0.0,2019-07-13T03:00:00+00:00,3.87
187,Chicago,24.79,0.0,2019-07-13T04:00:00+00:00,3.43
188,Chicago,24.22,0.0,2019-07-13T05:00:00+00:00,2.98
189,Chicago,23.65,0.0,2019-07-13T06:00:00+00:00,2.54
190,Chicago,23.32,0.0,2019-07-13T07:00:00+00:00,2.9
191,Chicago,22.98,0.0,2019-07-13T08:00:00+00:00,3.25
192,Chicago,22.65,0.0,2019-07-13T09:00:00+00:00,3.61
193,Chicago,22.66,0.01,2019-07-13T10:00:00+00:00,3.35
194,Chicago,22.67,0.02,2019-07-13T11:00:00+00:00,3.08
195,Chicago,22.68,0.03,2019-07-13T12:00:00+00:00,2.82
196,Chicago,24.16,0.02,2019-07-13T13:00:00+00:00,3.11
197,Chicago,25.63,0.01,2019-07-13T14:00:00+00:00,3.39
198,Chicago,27.11,0.0,2019-07-13T15:00:00+00:00,3.68
199,Chicago,28.4,0.24,2019-07-13T16:00:00+00:00,3.83
200,Chicago,29.69,0.48,2019-07-13T17:00:00+00:00,3.99
201,Chicago,30.98,0.72,2019-07-13T18:00:00+00:00,4.14
202,Chicago,31.29,0.72,2019-07-13T19:00:00+00:00,4.12
203,Chicago,31.61,0.72,2019-07-13T20:00:00+00:00,4.11
204,Chicago,31.92,0.72,2019-07-13T21:00:00+00:00,4.09
205,Chicago,31.3,0.94,2019-07-13T22:00:00+00:00,3.52
206,Chicago,30.67,1.16,2019-07-13T23:00:00+00:00,2.95
207,Chicago,23.17,0.0,2019-08-16T01:00:00+00:00,1.45
208,Chicago,22.57,0.0,2019-08-16T02:00:00+00:00,1.53
209,Chicago,21.96,0.0,2019-08-16T03:00:00+00:00,1.6
210,Chicago,21.7,0.04,2019-08-16T04:00:00+00:00,1.62
211,Chicago,21.43,0.07,2019-08-16T05:00:00+00:00,1.65
212,Chicago,21.17,0.11,2019-08-16T06:00:00+00:00,1.67
213,Chicago,20.89,0.07,2019-08-16T07:00:00+00:00,2.0
214,Chicago,20.6,0.04,2019-08-16T08:00:00+00:00,2.32
215,Chicago,20.32,0.0,2019-08-16T09:00:00+00:00,2.65
216,Chicago,20.06,0.17,2019-08-16T10:00:00+00:00,2.95
217,Chicago,19.81,0.34,2019-08-16T11:00:00+00:00,3.26
218,Chicago,19.55,0.5,2019-08-16T12:00:00+00:00,3.56
219,Chicago,20.55,0.34,2019-08-16T13:00:00+00:00,3.85
220,Chicago,21.56,0.17,2019-08-16T14:00:00+00:00,4.14
221,Chicago,22.56,0.0,2019-08-16T15:00:00+00:00,4.43
222,Chicago,23.64,0.07,2019-08-16T16:00:00+00:00,4.79
223,Chicago,24.71,0.13,2019-08-16T17:00:00+00:00,5.14
224,Chicago,25.79,0.2,2019-08-16T18:00:00+00:00,5.5
225,Chicago,25.9,0.13,2019-08-16T19:00:00+00:00,5.17
226,Chicago,26.02,0.07,2019-08-16T20:00:00+00:00,4.83
227,Chicago,26.14,0.0,2019-08-16T21:00:00+00:00,4.5
228,Chicago,25.96,0.03,2019-08-16T22:00:00+00:00,4.18
229,Chicago,25.79,0.06,2019-08-16T23:00:00+00:00,3.87
230,Chicago,24.35,0.0,2019-08-02T01:00:00+00:00,2.19
231,Chicago,23.55,0.0,2019-08-02T02:00:00+00:00,2.09
232,Chicago,22.75,0.0,2019-08-02T03:00:00+00:00,1.99
233,Chicago,22.16,0.0,2019-08-02T04:00:00+00:00,1.75
234,Chicago,21.57,0.0,2019-08-02T05:00:00+00:00,1.52
235,Chicago,20.98,0.0,2019-08-02T06:00:00+00:00,1.28
236,Chicago,20.7,0.0,2019-08-02T07:00:00+00:00,1.15
237,Chicago,20.43,0.0,2019-08-02T08:00:00+00:00,1.01
238,Chicago,20.15,0.0,2019-08-02T09:00:00+00:00,0.88
239,Chicago,20.17,0.0,2019-08-02T10:00:00+00:00,1.04
240,Chicago,20.2,0.0,2019-08-02T11:00:00+00:00,1.19
241,Chicago,20.22,0.0,2019-08-02T12:00:00+00:00,1.35
242,Chicago,22.13,0.0,2019-08-02T13:00:00+00:00,1.26
243,Chicago,24.04,0.0,2019-08-02T14:00:00+00:00,1.17
244,Chicago,25.95,0.0,2019-08-02T15:00:00+00:00,1.08
245,Chicago,26.95,0.0,2019-08-02T16:00:00+00:00,1.6
246,Chicago,27.95,0.0,2019-08-02T17:00:00+00:00,2.11
247,Chicago,28.95,0.0,2019-08-02T18:00:00+00:00,2.63
248,Chicago,28.95,0.0,2019-08-02T19:00:00+00:00,3.01
249,Chicago,28.95,0.0,2019-08-02T20:00:00+00:00,3.38
250,Chicago,28.95,0.0,2019-08-02T21:00:00+00:00,3.76
251,Chicago,28.21,0.0,2019-08-02T22:00:00+00:00,3.2
252,Chicago,27.48,0.0,2019-08-02T23:00:00+00:00,2.63
253,Chicago,22.23,0.0,2019-07-31T01:00:00+00:00,2.2
254,Chicago,21.39,0.0,2019-07-31T02:00:00+00:00,2.46
255,Chicago,20.55,0.0,2019-07-31T03:00:00+00:00,2.71
256,Chicago,20.32,0.0,2019-07-31T04:00:00+00:00,2.31
257,Chicago,20.08,0.0,2019-07-31T05:00:00+00:00,1.92
258,Chicago,19.85,0.0,2019-07-31T06:00:00+00:00,1.52
259,Chicago,19.65,0.0,2019-07-31T07:00:00+00:00,1.79
260,Chicago,19.46,0.0,2019-07-31T08:00:00+00:00,2.07
261,Chicago,19.26,0.0,2019-07-31T09:00:00+00:00,2.34
262,Chicago,19.15,0.0,2019-07-31T10:00:00+00:00,2.51
263,Chicago,19.05,0.0,2019-07-31T11:00:00+00:00,2.69
264,Chicago,18.94,0.0,2019-07-31T12:00:00+00:00,2.86
265,Chicago,20.17,0.0,2019-07-31T13:00:00+00:00,3.18
266,Chicago,21.41,0.0,2019-07-31T14:00:00+00:00,3.5
267,Chicago,22.65,0.0,2019-07-31T15:00:00+00:00,3.82
268,Chicago,23.37,0.0,2019-07-31T16:00:00+00:00,3.91
269,Chicago,24.1,0.0,2019-07-31T17:00:00+00:00,4.0
270,Chicago,24.82,0.0,2019-07-31T18:00:00+00:00,4.09
271,Chicago,24.93,0.0,2019-07-31T19:00:00+00:00,4.09
272,Chicago,25.04,0.0,2019-07-31T20:00:00+00:00,4.1
273,Chicago,25.15,0.0,2019-07-31T21:00:00+00:00,4.1
274,Chicago,24.39,0.0,2019-07-31T22:00:00+00:00,3.56
275,Chicago,23.64,0.0,2019-07-31T23:00:00+00:00,3.02
276,Chicago,-12.43,0.41,2019-01-28T01:00:00+00:00,2.73
277,Chicago,-11.89,0.38,2019-01-28T02:00:00+00:00,3.35
278,Chicago,-11.34,0.36,2019-01-28T03:00:00+00:00,3.97
279,Chicago,-9.36,0.34,2019-01-28T04:00:00+00:00,4.5
280,Chicago,-7.38,0.31,2019-01-28T05:00:00+00:00,5.03
281,Chicago,-5.4,0.29,2019-01-28T06:00:00+00:00,5.56
282,Chicago,-3.66,0.26,2019-01-28T07:00:00+00:00,6.29
283,Chicago,-1.93,0.24,2019-01-28T08:00:00+00:00,7.02
284,Chicago,-0.19,0.22,2019-01-28T09:00:00+00:00,7.75
285,Chicago,0.33,0.19,2019-01-28T10:00:00+00:00,7.51
286,Chicago,0.85,0.17,2019-01-28T11:00:00+00:00,7.28
287,Chicago,1.37,0.14,2019-01-28T12:00:00+00:00,7.04
288,Chicago,-0.35,0.22,2019-01-28T13:00:00+00:00,5.48
289,Chicago,-2.08,0.3,2019-01-28T14:00:00+00:00,3.91
290,Chicago,-3.8,0.38,2019-01-28T15:00:00+00:00,2.35
291,Chicago,-2.2,0.46,2019-01-28T16:00:00+00:00,3.23
292,Chicago,-0.59,0.53,2019-01-28T17:00:00+00:00,4.11
293,Chicago,1.01,0.61,2019-01-28T18:00:00+00:00,4.99
294,Chicago,-0.28,0.52,2019-01-28T19:00:00+00:00,5.12
295,Chicago,-1.57,0.42,2019-01-28T20:00:00+00:00,5.24
296,Chicago,-2.85,0.33,2019-01-28T21:00:00+00:00,5.37
297,Chicago,-6.29,0.23,2019-01-28T22:00:00+00:00,5.61
298,Chicago,-9.72,0.13,2019-01-28T23:00:00+00:00,5.84
299,Chicago,-4.48,0.0,2019-02-05T01:00:00+00:00,1.64
300,Chicago,-8.55,0.0,2019-02-05T02:00:00+00:00,2.01
301,Chicago,-12.62,0.0,2019-02-05T03:00:00+00:00,2.37
302,Chicago,-16.69,0.0,2019-02-05T04:00:00+00:00,2.73
303,Chicago,-20.76,0.0,2019-02-05T05:00:00+00:00,3.1
304,Chicago,-24.83,0.0,2019-02-05T06:00:00+00:00,3.46
305,Chicago,-24.02,0.0,2019-02-05T07:00:00+00:00,3.47
306,Chicago,-23.21,0.0,2019-02-05T08:00:00+00:00,3.47
307,Chicago,-22.39,0.0,2019-02-05T09:00:00+00:00,3.48
308,Chicago,-21.58,0.0,2019-02-05T10:00:00+00:00,3.48
309,Chicago,-20.77,0.0,2019-02-05T11:00:00+00:00,3.49
310,Chicago,-19.96,0.0,2019-02-05T12:00:00+00:00,3.5
311,Chicago,-19.15,0.01,2019-02-05T13:00:00+00:00,3.5
312,Chicago,-18.33,0.01,2019-02-05T14:00:00+00:00,3.51
313,Chicago,-17.52,0.02,2019-02-05T15:00:00+00:00,3.51
314,Chicago,-16.71,0.02,2019-02-05T16:00:00+00:00,3.52
315,Chicago,-15.9,0.03,2019-02-05T17:00:00+00:00,3.52
316,Chicago,-15.09,0.04,2019-02-05T18:00:00+00:00,3.53
317,Chicago,-12.41,0.31,2019-02-05T19:00:00+00:00,3.64
318,Chicago,-9.74,0.59,2019-02-05T20:00:00+00:00,3.75
319,Chicago,-7.06,0.86,2019-02-05T21:00:00+00:00,3.87
320,Chicago,-4.39,1.14,2019-02-05T22:00:00+00:00,3.98
321,Chicago,-1.71,1.42,2019-02-05T23:00:00+00:00,4.09
322,Chicago,5.65,0.38,2019-12-24T01:00:00+00:00,3.87
323,Chicago,5.13,0.3,2019-12-24T02:00:00+00:00,4.17
324,Chicago,4.62,0.23,2019-12-24T03:00:00+00:00,4.47
325,Chicago,4.64,0.15,2019-12-24T04:00:00+00:00,3.75
326,Chicago,4.67,0.08,2019-12-24T05:00:00+00:00,3.02
327,Chicago,4.69,0.0,2019-12-24T06:00:00+00:00,2.3
328,Chicago,4.83,0.0,2019-12-24T07:00:00+00:00,2.54
329,Chicago,4.96,0.0,2019-12-24T08:00:00+00:00,2.78
330,Chicago,5.1,0.0,2019-12-24T09:00:00+00:00,3.02
331,Chicago,5.07,0.0,2019-12-24T10:00:00+00:00,3.52
332,Chicago,5.04,0.0,2019-12-24T11:00:00+00:00,4.01
333,Chicago,5.01,0.0,2019-12-24T12:00:00+00:00,4.51
334,Chicago,4.8,0.0,2019-12-24T13:00:00+00:00,4.79
335,Chicago,4.59,0.0,2019-12-24T14:00:00+00:00,5.06
336,Chicago,4.38,0.0,2019-12-24T15:00:00+00:00,5.34
337,Chicago,4.68,0.0,2019-12-24T16:00:00+00:00,5.44
338,Chicago,4.98,0.0,2019-12-24T17:00:00+00:00,5.54
339,Chicago,5.28,0.0,2019-12-24T18:00:00+00:00,5.64
340,Chicago,5.9,7.8,2019-12-24T19:00:00+00:00,5.71
341,Chicago,6.51,15.6,2019-12-24T20:00:00+00:00,5.77
342,Chicago,7.13,23.4,2019-12-24T21:00:00+00:00,5.84
343,Chicago,7.42,31.2,2019-12-24T22:00:00+00:00,6.53
344,Chicago,7.71,39.0,2019-12-24T23:00:00+00:00,7.22
345,Washington DC,28.09,0.0,2019-07-01T01:00:00+00:00,3.77
346,Washington DC,27.01,0.0,2019-07-01T02:00:00+00:00,3.99
347,Washington DC,25.94,0.0,2019-07-01T03:00:00+00:00,4.2
348,Washington DC,24.95,0.0,2019-07-01T04:00:00+00:00,3.92
349,Washington DC,23.96,0.0,2019-07-01T05:00:00+00:00,3.63
350,Washington DC,22.96,0.0,2019-07-01T06:00:00+00:00,3.35
351,Washington DC,22.16,0.0,2019-07-01T07:00:00+00:00,3.31
352,Washington DC,21.36,0.0,2019-07-01T08:00:00+00:00,3.27
353,Washington DC,20.56,0.0,2019-07-01T09:00:00+00:00,3.23
354,Washington DC,20.56,0.0,2019-07-01T10:00:00+00:00,3.23
355,Washington DC,20.56,0.0,2019-07-01T11:00:00+00:00,3.23
356,Washington DC,20.56,0.0,2019-07-01T12:00:00+00:00,3.23
357,Washington DC,21.83,0.0,2019-07-01T13:00:00+00:00,3.35
358,Washington DC,23.09,0.0,2019-07-01T14:00:00+00:00,3.46
359,Washington DC,24.35,0.0,2019-07-01T15:00:00+00:00,3.58
360,Washington DC,25.92,0.0,2019-07-01T16:00:00+00:00,3.37
361,Washington DC,27.48,0.0,2019-07-01T17:00:00+00:00,3.15
362,Washington DC,29.05,0.0,2019-07-01T18:00:00+00:00,2.94
363,Washington DC,28.98,0.0,2019-07-01T19:00:00+00:00,3.11
364,Washington DC,28.92,0.0,2019-07-01T20:00:00+00:00,3.28
365,Washington DC,28.85,0.0,2019-07-01T21:00:00+00:00,3.45
366,Washington DC,28.29,0.0,2019-07-01T22:00:00+00:00,2.82
367,Washington DC,27.73,0.0,2019-07-01T23:00:00+00:00,2.19
368,Washington DC,28.72,0.0,2019-07-13T01:00:00+00:00,2.64
369,Washington DC,27.89,0.0,2019-07-13T02:00:00+00:00,2.48
370,Washington DC,27.06,0.0,2019-07-13T03:00:00+00:00,2.33
371,Washington DC,26.26,0.0,2019-07-13T04:00:00+00:00,2.44
372,Washington DC,25.45,0.0,2019-07-13T05:00:00+00:00,2.54
373,Washington DC,24.65,0.0,2019-07-13T06:00:00+00:00,2.65
374,Washington DC,24.02,0.0,2019-07-13T07:00:00+00:00,2.77
375,Washington DC,23.38,0.0,2019-07-13T08:00:00+00:00,2.89
376,Washington DC,22.75,0.0,2019-07-13T09:00:00+00:00,3.01
377,Washington DC,23.06,0.0,2019-07-13T10:00:00+00:00,2.93
378,Washington DC,23.37,0.0,2019-07-13T11:00:00+00:00,2.85
379,Washington DC,23.68,0.0,2019-07-13T12:00:00+00:00,2.77
380,Washington DC,25.42,0.0,2019-07-13T13:00:00+00:00,2.85
381,Washington DC,27.17,0.0,2019-07-13T14:00:00+00:00,2.94
382,Washington DC,28.91,0.0,2019-07-13T15:00:00+00:00,3.02
383,Washington DC,29.73,0.0,2019-07-13T16:00:00+00:00,3.18
384,Washington DC,30.56,0.0,2019-07-13T17:00:00+00:00,3.34
385,Washington DC,31.38,0.0,2019-07-13T18:00:00+00:00,3.5
386,Washington DC,31.83,0.0,2019-07-13T19:00:00+00:00,3.43
387,Washington DC,32.28,0.0,2019-07-13T20:00:00+00:00,3.36
388,Washington DC,32.72,0.0,2019-07-13T21:00:00+00:00,3.29
389,Washington DC,31.97,0.0,2019-07-13T22:00:00+00:00,2.55
390,Washington DC,31.21,0.0,2019-07-13T23:00:00+00:00,1.81
391,Washington DC,30.23,0.02,2019-07-31T01:00:00+00:00,1.04
392,Washington DC,29.09,0.01,2019-07-31T02:00:00+00:00,1.38
393,Washington DC,27.95,0.0,2019-07-31T03:00:00+00:00,1.73
394,Washington DC,27.25,0.02,2019-07-31T04:00:00+00:00,1.72
395,Washington DC,26.55,0.05,2019-07-31T05:00:00+00:00,1.71
396,Washington DC,25.85,0.07,2019-07-31T06:00:00+00:00,1.7
397,Washington DC,25.72,0.05,2019-07-31T07:00:00+00:00,1.35
398,Washington DC,25.59,0.02,2019-07-31T08:00:00+00:00,0.99
399,Washington DC,25.46,0.0,2019-07-31T09:00:00+00:00,0.64
400,Washington DC,25.69,0.01,2019-07-31T10:00:00+00:00,0.82
401,Washington DC,25.91,0.02,2019-07-31T11:00:00+00:00,1.01
402,Washington DC,26.14,0.04,2019-07-31T12:00:00+00:00,1.19
403,Washington DC,28.04,0.02,2019-07-31T13:00:00+00:00,1.19
404,Washington DC,29.95,0.01,2019-07-31T14:00:00+00:00,1.2
405,Washington DC,31.85,0.0,2019-07-31T15:00:00+00:00,1.2
406,Washington DC,32.77,0.04,2019-07-31T16:00:00+00:00,1.49
407,Washington DC,33.7,0.07,2019-07-31T17:00:00+00:00,1.78
408,Washington DC,34.62,0.11,2019-07-31T18:00:00+00:00,2.07
409,Washington DC,33.03,0.07,2019-07-31T19:00:00+00:00,2.54
410,Washington DC,31.44,0.04,2019-07-31T20:00:00+00:00,3.01
411,Washington DC,29.85,0.0,2019-07-31T21:00:00+00:00,3.48
412,Washington DC,29.26,0.24,2019-07-31T22:00:00+00:00,2.97
413,Washington DC,28.67,0.48,2019-07-31T23:00:00+00:00,2.47
414,Washington DC,27.72,0.58,2019-08-02T01:00:00+00:00,2.15
415,Washington DC,27.08,0.47,2019-08-02T02:00:00+00:00,2.03
416,Washington DC,26.45,0.36,2019-08-02T03:00:00+00:00,1.91
417,Washington DC,26.36,0.28,2019-08-02T04:00:00+00:00,1.83
418,Washington DC,26.27,0.19,2019-08-02T05:00:00+00:00,1.74
419,Washington DC,26.18,0.11,2019-08-02T06:00:00+00:00,1.66
420,Washington DC,25.8,0.07,2019-08-02T07:00:00+00:00,1.58
421,Washington DC,25.43,0.04,2019-08-02T08:00:00+00:00,1.5
422,Washington DC,25.05,0.0,2019-08-02T09:00:00+00:00,1.42
423,Washington DC,25.14,0.2,2019-08-02T10:00:00+00:00,1.7
424,Washington DC,25.23,0.41,2019-08-02T11:00:00+00:00,1.99
425,Washington DC,25.32,0.61,2019-08-02T12:00:00+00:00,2.27
426,Washington DC,26.1,0.53,2019-08-02T13:00:00+00:00,2.9
427,Washington DC,26.87,0.44,2019-08-02T14:00:00+00:00,3.53
428,Washington DC,27.65,0.36,2019-08-02T15:00:00+00:00,4.16
429,Washington DC,28.12,0.65,2019-08-02T16:00:00+00:00,4.05
430,Washington DC,28.58,0.94,2019-08-02T17:00:00+00:00,3.94
431,Washington DC,29.05,1.22,2019-08-02T18:00:00+00:00,3.83
432,Washington DC,29.45,1.3,2019-08-02T19:00:00+00:00,3.77
433,Washington DC,29.85,1.37,2019-08-02T20:00:00+00:00,3.72
434,Washington DC,30.25,1.44,2019-08-02T21:00:00+00:00,3.66
435,Washington DC,29.31,1.1,2019-08-02T22:00:00+00:00,3.26
436,Washington DC,28.38,0.77,2019-08-02T23:00:00+00:00,2.87
437,Washington DC,11.49,0.0,2019-11-27T01:00:00+00:00,1.73
438,Washington DC,11.08,0.0,2019-11-27T02:00:00+00:00,1.64
439,Washington DC,10.67,0.0,2019-11-27T03:00:00+00:00,1.54
440,Washington DC,10.24,0.0,2019-11-27T04:00:00+00:00,1.59
441,Washington DC,9.81,0.0,2019-11-27T05:00:00+00:00,1.65
442,Washington DC,9.39,0.0,2019-11-27T06:00:00+00:00,1.7
443,Washington DC,9.22,0.0,2019-11-27T07:00:00+00:00,1.83
444,Washington DC,9.06,0.0,2019-11-27T08:00:00+00:00,1.96
445,Washington DC,8.89,0.0,2019-11-27T09:00:00+00:00,2.09
446,Washington DC,9.15,0.0,2019-11-27T10:00:00+00:00,2.58
447,Washington DC,9.4,0.0,2019-11-27T11:00:00+00:00,3.08
448,Washington DC,9.66,0.0,2019-11-27T12:00:00+00:00,3.57
449,Washington DC,10.12,0.0,2019-11-27T13:00:00+00:00,4.01
450,Washington DC,10.59,0.0,2019-11-27T14:00:00+00:00,4.44
451,Washington DC,11.05,0.0,2019-11-27T15:00:00+00:00,4.88
452,Washington DC,11.55,0.0,2019-11-27T16:00:00+00:00,5.62
453,Washington DC,12.05,0.0,2019-11-27T17:00:00+00:00,6.37
454,Washington DC,12.55,0.0,2019-11-27T18:00:00+00:00,7.11
455,Washington DC,13.42,0.0,2019-11-27T19:00:00+00:00,7.13
456,Washington DC,14.29,0.0,2019-11-27T20:00:00+00:00,7.16
457,Washington DC,15.16,0.0,2019-11-27T21:00:00+00:00,7.18
458,Washington DC,14.65,0.0,2019-11-27T22:00:00+00:00,6.16
459,Washington DC,14.13,0.0,2019-11-27T23:00:00+00:00,5.15
460,New Jersey,10.94,0.0,2019-11-27T01:00:00+00:00,1.51
461,New Jersey,10.5,0.0,2019-11-27T02:00:00+00:00,1.48
462,New Jersey,10.07,0.0,2019-11-27T03:00:00+00:00,1.44
463,New Jersey,9.72,0.0,2019-11-27T04:00:00+00:00,1.39
464,New Jersey,9.38,0.0,2019-11-27T05:00:00+00:00,1.33
465,New Jersey,9.04,0.0,2019-11-27T06:00:00+00:00,1.28
466,New Jersey,8.73,0.0,2019-11-27T07:00:00+00:00,1.07
467,New Jersey,8.42,0.0,2019-11-27T08:00:00+00:00,0.86
468,New Jersey,8.11,0.0,2019-11-27T09:00:00+00:00,0.65
469,New Jersey,8.2,0.0,2019-11-27T10:00:00+00:00,0.94
470,New Jersey,8.28,0.0,2019-11-27T11:00:00+00:00,1.23
471,New Jersey,8.36,0.0,2019-11-27T12:00:00+00:00,1.52
472,New Jersey,9.3,0.0,2019-11-27T13:00:00+00:00,1.12
473,New Jersey,10.24,0.0,2019-11-27T14:00:00+00:00,0.72
474,New Jersey,11.18,0.0,2019-11-27T15:00:00+00:00,0.32
475,New Jersey,12.07,0.0,2019-11-27T16:00:00+00:00,2.02
476,New Jersey,12.96,0.0,2019-11-27T17:00:00+00:00,3.71
477,New Jersey,13.84,0.0,2019-11-27T18:00:00+00:00,5.41
478,New Jersey,13.68,0.0,2019-11-27T19:00:00+00:00,6.04
479,New Jersey,13.51,0.0,2019-11-27T20:00:00+00:00,6.66
480,New Jersey,13.34,0.0,2019-11-27T21:00:00+00:00,7.29
481,New Jersey,13.22,0.0,2019-11-27T22:00:00+00:00,5.99
482,New Jersey,13.11,0.0,2019-11-27T23:00:00+00:00,4.7
483,New Jersey,27.82,0.48,2019-08-02T01:00:00+00:00,2.24
484,New Jersey,27.28,0.42,2019-08-02T02:00:00+00:00,2.16
485,New Jersey,26.75,0.36,2019-08-02T03:00:00+00:00,2.07
486,New Jersey,26.46,0.38,2019-08-02T04:00:00+00:00,1.91
487,New Jersey,26.17,0.41,2019-08-02T05:00:00+00:00,1.74
488,New Jersey,25.88,0.43,2019-08-02T06:00:00+00:00,1.58
489,New Jersey,25.74,0.29,2019-08-02T07:00:00+00:00,1.25
490,New Jersey,25.59,0.14,2019-08-02T08:00:00+00:00,0.93
491,New Jersey,25.45,0.0,2019-08-02T09:00:00+00:00,0.6
492,New Jersey,25.61,0.35,2019-08-02T10:00:00+00:00,1.03
493,New Jersey,25.76,0.7,2019-08-02T11:00:00+00:00,1.45
494,New Jersey,25.92,1.04,2019-08-02T12:00:00+00:00,1.88
495,New Jersey,27.4,0.94,2019-08-02T13:00:00+00:00,2.24
496,New Jersey,28.87,0.83,2019-08-02T14:00:00+00:00,2.59
497,New Jersey,30.35,0.72,2019-08-02T15:00:00+00:00,2.95
498,New Jersey,31.05,0.72,2019-08-02T16:00:00+00:00,3.24
499,New Jersey,31.75,0.72,2019-08-02T17:00:00+00:00,3.53
500,New Jersey,32.45,0.72,2019-08-02T18:00:00+00:00,3.82
501,New Jersey,32.08,0.48,2019-08-02T19:00:00+00:00,3.98
502,New Jersey,31.72,0.24,2019-08-02T20:00:00+00:00,4.13
503,New Jersey,31.35,0.0,2019-08-02T21:00:00+00:00,4.29
504,New Jersey,30.08,0.0,2019-08-02T22:00:00+00:00,3.82
505,New Jersey,28.81,0.0,2019-08-02T23:00:00+00:00,3.34
506,New Jersey,30.93,0.0,2019-07-31T01:00:00+00:00,4.01
507,New Jersey,30.09,0.0,2019-07-31T02:00:00+00:00,4.07
508,New Jersey,29.25,0.0,2019-07-31T03:00:00+00:00,4.14
509,New Jersey,28.72,0.01,2019-07-31T04:00:00+00:00,3.99
510,New Jersey,28.18,0.02,2019-07-31T05:00:00+00:00,3.84
511,New Jersey,27.65,0.04,2019-07-31T06:00:00+00:00,3.69
512,New Jersey,27.09,0.02,2019-07-31T07:00:00+00:00,3.31
513,New Jersey,26.53,0.01,2019-07-31T08:00:00+00:00,2.93
514,New Jersey,25.96,0.0,2019-07-31T09:00:00+00:00,2.55
515,New Jersey,26.22,0.04,2019-07-31T10:00:00+00:00,2.34
516,New Jersey,26.48,0.07,2019-07-31T11:00:00+00:00,2.12
517,New Jersey,26.74,0.11,2019-07-31T12:00:00+00:00,1.91
518,New Jersey,28.51,0.07,2019-07-31T13:00:00+00:00,2.24
519,New Jersey,30.28,0.04,2019-07-31T14:00:00+00:00,2.57
520,New Jersey,32.05,0.0,2019-07-31T15:00:00+00:00,2.9
521,New Jersey,32.64,0.24,2019-07-31T16:00:00+00:00,3.23
522,New Jersey,33.23,0.48,2019-07-31T17:00:00+00:00,3.55
523,New Jersey,33.82,0.72,2019-07-31T18:00:00+00:00,3.88
524,New Jersey,33.53,0.84,2019-07-31T19:00:00+00:00,4.01
525,New Jersey,33.24,0.96,2019-07-31T20:00:00+00:00,4.13
526,New Jersey,32.95,1.08,2019-07-31T21:00:00+00:00,4.26
527,New Jersey,31.49,0.78,2019-07-31T22:00:00+00:00,3.56
528,New Jersey,30.04,0.48,2019-07-31T23:00:00+00:00,2.85
529,New Jersey,5.6,0.0,2019-12-24T01:00:00+00:00,2.6
530,New Jersey,5.17,0.0,2019-12-24T02:00:00+00:00,2.62
531,New Jersey,4.74,0.0,2019-12-24T03:00:00+00:00,2.64
532,New Jersey,4.75,0.0,2019-12-24T04:00:00+00:00,2.69
533,New Jersey,4.77,0.0,2019-12-24T05:00:00+00:00,2.74
534,New Jersey,4.78,0.0,2019-12-24T06:00:00+00:00,2.79
535,New Jersey,4.66,0.0,2019-12-24T07:00:00+00:00,3.05
536,New Jersey,4.53,0.0,2019-12-24T08:00:00+00:00,3.32
537,New Jersey,4.41,0.0,2019-12-24T09:00:00+00:00,3.58
538,New Jersey,4.02,0.0,2019-12-24T10:00:00+00:00,3.42
539,New Jersey,3.64,0.0,2019-12-24T11:00:00+00:00,3.26
540,New Jersey,3.25,0.0,2019-12-24T12:00:00+00:00,3.1
541,New Jersey,3.76,0.0,2019-12-24T13:00:00+00:00,3.25
542,New Jersey,4.27,0.0,2019-12-24T14:00:00+00:00,3.39
543,New Jersey,4.78,0.0,2019-12-24T15:00:00+00:00,3.54
544,New Jersey,5.73,0.0,2019-12-24T16:00:00+00:00,3.25
545,New Jersey,6.68,0.0,2019-12-24T17:00:00+00:00,2.96
546,New Jersey,7.63,0.0,2019-12-24T18:00:00+00:00,2.67
547,New Jersey,7.59,0.53,2019-12-24T19:00:00+00:00,2.49
548,New Jersey,7.56,1.05,2019-12-24T20:00:00+00:00,2.31
549,New Jersey,7.52,1.58,2019-12-24T21:00:00+00:00,2.13
550,New Jersey,6.9,2.1,2019-12-24T22:00:00+00:00,1.8
551,New Jersey,6.28,2.62,2019-12-24T23:00:00+00:00,1.48
552,California,21.92,0.0,2019-07-13T01:00:00+00:00,2.64
553,California,19.49,0.0,2019-07-13T02:00:00+00:00,1.54
554,California,17.06,0.0,2019-07-13T03:00:00+00:00,0.43
555,California,16.79,0.0,2019-07-13T04:00:00+00:00,1.18
556,California,16.52,0.0,2019-07-13T05:00:00+00:00,1.93
557,California,16.25,0.0,2019-07-13T06:00:00+00:00,2.68
558,California,15.98,0.0,2019-07-13T07:00:00+00:00,2.7
559,California,15.72,0.0,2019-07-13T08:00:00+00:00,2.73
560,California,15.45,0.0,2019-07-13T09:00:00+00:00,2.75
561,California,15.16,0.0,2019-07-13T10:00:00+00:00,2.77
562,California,14.87,0.0,2019-07-13T11:00:00+00:00,2.79
563,California,14.58,0.0,2019-07-13T12:00:00+00:00,2.81
564,California,16.86,0.0,2019-07-13T13:00:00+00:00,2.07
565,California,19.13,0.0,2019-07-13T14:00:00+00:00,1.32
566,California,21.41,0.0,2019-07-13T15:00:00+00:00,0.58
567,California,22.87,0.0,2019-07-13T16:00:00+00:00,1.63
568,California,24.32,0.0,2019-07-13T17:00:00+00:00,2.68
569,California,25.78,0.0,2019-07-13T18:00:00+00:00,3.73
570,California,26.39,0.0,2019-07-13T19:00:00+00:00,4.01
571,California,27.01,0.0,2019-07-13T20:00:00+00:00,4.28
572,California,27.62,0.0,2019-07-13T21:00:00+00:00,4.56
573,California,26.9,0.0,2019-07-13T22:00:00+00:00,4.45
574,California,26.17,0.0,2019-07-13T23:00:00+00:00,4.35
575,California,20.99,0.0,2019-07-31T01:00:00+00:00,2.42
576,California,18.02,0.0,2019-07-31T02:00:00+00:00,1.32
577,California,15.05,0.0,2019-07-31T03:00:00+00:00,0.21
578,California,15.08,0.0,2019-07-31T04:00:00+00:00,1.0
579,California,15.12,0.0,2019-07-31T05:00:00+00:00,1.79
580,California,15.15,0.0,2019-07-31T06:00:00+00:00,2.58
581,California,14.95,0.0,2019-07-31T07:00:00+00:00,2.74
582,California,14.76,0.0,2019-07-31T08:00:00+00:00,2.89
583,California,14.56,0.0,2019-07-31T09:00:00+00:00,3.05
584,California,14.42,0.0,2019-07-31T10:00:00+00:00,3.01
585,California,14.28,0.0,2019-07-31T11:00:00+00:00,2.96
586,California,14.14,0.0,2019-07-31T12:00:00+00:00,2.92
587,California,16.27,0.0,2019-07-31T13:00:00+00:00,2.13
588,California,18.41,0.0,2019-07-31T14:00:00+00:00,1.35
589,California,20.55,0.0,2019-07-31T15:00:00+00:00,0.56
590,California,21.94,0.0,2019-07-31T16:00:00+00:00,1.65
591,California,23.33,0.0,2019-07-31T17:00:00+00:00,2.73
592,California,24.72,0.0,2019-07-31T18:00:00+00:00,3.82
593,California,25.03,0.0,2019-07-31T19:00:00+00:00,4.06
594,California,25.34,0.0,2019-07-31T20:00:00+00:00,4.3
595,California,25.65,0.0,2019-07-31T21:00:00+00:00,4.54
596,California,24.79,0.0,2019-07-31T22:00:00+00:00,4.28
597,California,23.94,0.0,2019-07-31T23:00:00+00:00,4.01
598,California,19.42,0.0,2019-08-02T01:00:00+00:00,2.53
599,California,16.58,0.0,2019-08-02T02:00:00+00:00,1.56
600,California,13.75,0.0,2019-08-02T03:00:00+00:00,0.58
601,California,13.66,0.0,2019-08-02T04:00:00+00:00,1.13
602,California,13.57,0.0,2019-08-02T05:00:00+00:00,1.67
603,California,13.48,0.0,2019-08-02T06:00:00+00:00,2.22
604,California,13.34,0.0,2019-08-02T07:00:00+00:00,2.39
605,California,13.19,0.0,2019-08-02T08:00:00+00:00,2.56
606,California,13.05,0.0,2019-08-02T09:00:00+00:00,2.73
607,California,12.77,0.0,2019-08-02T10:00:00+00:00,2.78
608,California,12.5,0.0,2019-08-02T11:00:00+00:00,2.82
609,California,12.22,0.0,2019-08-02T12:00:00+00:00,2.87
610,California,14.4,0.0,2019-08-02T13:00:00+00:00,2.15
611,California,16.57,0.0,2019-08-02T14:00:00+00:00,1.43
612,California,18.75,0.0,2019-08-02T15:00:00+00:00,0.71
613,California,20.12,0.0,2019-08-02T16:00:00+00:00,1.72
614,California,21.48,0.0,2019-08-02T17:00:00+00:00,2.72
615,California,22.85,0.0,2019-08-02T18:00:00+00:00,3.73
616,California,23.38,0.0,2019-08-02T19:00:00+00:00,3.92
617,California,23.92,0.0,2019-08-02T20:00:00+00:00,4.12
618,California,24.45,0.0,2019-08-02T21:00:00+00:00,4.31
619,California,23.71,0.0,2019-08-02T22:00:00+00:00,3.82
620,California,22.98,0.0,2019-08-02T23:00:00+00:00,3.33
621,California,22.51,0.0,2019-08-16T01:00:00+00:00,3.04
622,California,19.54,0.0,2019-08-16T02:00:00+00:00,2.04
623,California,16.56,0.0,2019-08-16T03:00:00+00:00,1.03
624,California,16.6,0.0,2019-08-16T04:00:00+00:00,1.73
625,California,16.63,0.0,2019-08-16T05:00:00+00:00,2.44
626,California,16.67,0.0,2019-08-16T06:00:00+00:00,3.14
627,California,16.49,0.0,2019-08-16T07:00:00+00:00,3.17
628,California,16.3,0.0,2019-08-16T08:00:00+00:00,3.2
629,California,16.12,0.0,2019-08-16T09:00:00+00:00,3.23
630,California,15.96,0.0,2019-08-16T10:00:00+00:00,3.19
631,California,15.81,0.0,2019-08-16T11:00:00+00:00,3.16
632,California,15.65,0.0,2019-08-16T12:00:00+00:00,3.12
633,California,17.59,0.0,2019-08-16T13:00:00+00:00,2.36
634,California,19.53,0.0,2019-08-16T14:00:00+00:00,1.59
635,California,21.46,0.0,2019-08-16T15:00:00+00:00,0.83
636,California,23.14,0.0,2019-08-16T16:00:00+00:00,1.79
637,California,24.81,0.0,2019-08-16T17:00:00+00:00,2.76
638,California,26.49,0.0,2019-08-16T18:00:00+00:00,3.72
639,California,27.0,0.0,2019-08-16T19:00:00+00:00,4.0
640,California,27.52,0.0,2019-08-16T20:00:00+00:00,4.28
641,California,28.04,0.0,2019-08-16T21:00:00+00:00,4.56
642,California,27.0,0.0,2019-08-16T22:00:00+00:00,3.99
643,California,25.96,0.0,2019-08-16T23:00:00+00:00,3.43
644,California,-3.22,0.48,2019-11-27T01:00:00+00:00,2.43
645,California,-3.84,0.96,2019-11-27T02:00:00+00:00,2.38
646,California,-4.45,1.44,2019-11-27T03:00:00+00:00,2.32
647,California,-4.21,1.68,2019-11-27T04:00:00+00:00,3.18
648,California,-3.96,1.92,2019-11-27T05:00:00+00:00,4.04
649,California,-3.71,2.16,2019-11-27T06:00:00+00:00,4.9
650,California,-4.63,3.6,2019-11-27T07:00:00+00:00,4.38
651,California,-5.55,5.04,2019-11-27T08:00:00+00:00,3.85
652,California,-6.47,6.48,2019-11-27T09:00:00+00:00,3.33
653,California,-6.55,5.4,2019-11-27T10:00:00+00:00,2.81
654,California,-6.64,4.32,2019-11-27T11:00:00+00:00,2.3
655,California,-6.73,3.24,2019-11-27T12:00:00+00:00,1.78
656,California,-6.59,2.52,2019-11-27T13:00:00+00:00,1.99
657,California,-6.46,1.8,2019-11-27T14:00:00+00:00,2.21
658,California,-6.32,1.08,2019-11-27T15:00:00+00:00,2.42
659,California,-5.86,1.2,2019-11-27T16:00:00+00:00,2.71
660,California,-5.41,1.32,2019-11-27T17:00:00+00:00,3.0
661,California,-4.96,1.44,2019-11-27T18:00:00+00:00,3.29
662,California,-5.07,1.56,2019-11-27T19:00:00+00:00,3.37
663,California,-5.18,1.68,2019-11-27T20:00:00+00:00,3.46
664,California,-5.29,1.8,2019-11-27T21:00:00+00:00,3.54
665,California,-5.32,1.8,2019-11-27T22:00:00+00:00,3.78
666,California,-5.35,1.8,2019-11-27T23:00:00+00:00,4.02
667,California,6.02,0.0,2019-01-28T01:00:00+00:00,1.53
668,California,4.85,0.0,2019-01-28T02:00:00+00:00,2.51
669,California,3.69,0.0,2019-01-28T03:00:00+00:00,3.49
670,California,3.4,0.0,2019-01-28T04:00:00+00:00,3.45
671,California,3.12,0.0,2019-01-28T05:00:00+00:00,3.4
672,California,2.83,0.0,2019-01-28T06:00:00+00:00,3.36
673,California,2.76,0.0,2019-01-28T07:00:00+00:00,3.46
674,California,2.69,0.0,2019-01-28T08:00:00+00:00,3.57
675,California,2.62,0.0,2019-01-28T09:00:00+00:00,3.67
676,California,2.63,0.0,2019-01-28T10:00:00+00:00,3.59
677,California,2.64,0.0,2019-01-28T11:00:00+00:00,3.5
678,California,2.65,0.0,2019-01-28T12:00:00+00:00,3.42
679,California,1.87,0.0,2019-01-28T13:00:00+00:00,3.35
680,California,1.1,0.0,2019-01-28T14:00:00+00:00,3.28
681,California,0.32,0.0,2019-01-28T15:00:00+00:00,3.21
682,California,3.19,0.0,2019-01-28T16:00:00+00:00,2.5
683,California,6.06,0.0,2019-01-28T17:00:00+00:00,1.8
684,California,8.93,0.0,2019-01-28T18:00:00+00:00,1.09
685,California,8.89,0.0,2019-01-28T19:00:00+00:00,0.97
686,California,8.84,0.0,2019-01-28T20:00:00+00:00,0.84
687,California,8.8,0.0,2019-01-28T21:00:00+00:00,0.72
688,California,8.21,0.0,2019-01-28T22:00:00+00:00,0.83
689,California,7.63,0.0,2019-01-28T23:00:00+00:00,0.93
690,California,2.38,4.15,2019-02-05T01:00:00+00:00,0.68
691,California,1.94,3.81,2019-02-05T02:00:00+00:00,0.8
692,California,1.5,3.47,2019-02-05T03:00:00+00:00,0.91
693,California,1.05,3.13,2019-02-05T04:00:00+00:00,1.02
694,California,0.61,2.79,2019-02-05T05:00:00+00:00,1.14
695,California,0.17,2.45,2019-02-05T06:00:00+00:00,1.25
696,California,0.53,2.34,2019-02-05T07:00:00+00:00,1.34
697,California,0.89,2.23,2019-02-05T08:00:00+00:00,1.43
698,California,1.25,2.12,2019-02-05T09:00:00+00:00,1.52
699,California,1.61,2.02,2019-02-05T10:00:00+00:00,1.61
700,California,1.97,1.91,2019-02-05T11:00:00+00:00,1.7
701,California,2.33,1.8,2019-02-05T12:00:00+00:00,1.79
702,California,2.69,1.6,2019-02-05T13:00:00+00:00,1.88
703,California,3.05,1.4,2019-02-05T14:00:00+00:00,1.97
704,California,3.41,1.21,2019-02-05T15:00:00+00:00,2.06
705,California,3.76,1.01,2019-02-05T16:00:00+00:00,2.15
706,California,4.12,0.81,2019-02-05T17:00:00+00:00,2.24
707,California,4.48,0.61,2019-02-05T18:00:00+00:00,2.33
708,California,4.0,0.52,2019-02-05T19:00:00+00:00,2.05
709,California,3.52,0.42,2019-02-05T20:00:00+00:00,1.76
710,California,3.03,0.32,2019-02-05T21:00:00+00:00,1.48
711,California,2.55,0.23,2019-02-05T22:00:00+00:00,1.2
712,California,2.06,0.13,2019-02-05T23:00:00+00:00,0.91
713,California,17.3,0.0,2019-07-01T01:00:00+00:00,2.78
714,California,15.04,0.0,2019-07-01T02:00:00+00:00,1.73
715,California,12.78,0.0,2019-07-01T03:00:00+00:00,0.68
716,California,12.27,0.0,2019-07-01T04:00:00+00:00,1.26
717,California,11.77,0.0,2019-07-01T05:00:00+00:00,1.85
718,California,11.26,0.0,2019-07-01T06:00:00+00:00,2.43
719,California,11.06,0.0,2019-07-01T07:00:00+00:00,2.44
720,California,10.86,0.0,2019-07-01T08:00:00+00:00,2.44
721,California,10.66,0.0,2019-07-01T09:00:00+00:00,2.45
722,California,10.5,0.0,2019-07-01T10:00:00+00:00,2.62
723,California,10.33,0.0,2019-07-01T11:00:00+00:00,2.79
724,California,10.16,0.0,2019-07-01T12:00:00+00:00,2.96
725,California,12.49,0.0,2019-07-01T13:00:00+00:00,2.23
726,California,14.82,0.0,2019-07-01T14:00:00+00:00,1.5
727,California,17.15,0.0,2019-07-01T15:00:00+00:00,0.77
728,California,18.45,0.0,2019-07-01T16:00:00+00:00,1.67
729,California,19.75,0.0,2019-07-01T17:00:00+00:00,2.57
730,California,21.05,0.0,2019-07-01T18:00:00+00:00,3.47
731,California,21.45,0.0,2019-07-01T19:00:00+00:00,3.74
732,California,21.85,0.0,2019-07-01T20:00:00+00:00,4.02
733,California,22.25,0.0,2019-07-01T21:00:00+00:00,4.29
734,California,21.45,0.0,2019-07-01T22:00:00+00:00,4.08
735,California,20.66,0.0,2019-07-01T23:00:00+00:00,3.86
736,California,18.73,0.0,2019-08-20T01:00:00+00:00,3.18
737,California,16.01,0.0,2019-08-20T02:00:00+00:00,2.21
738,California,13.3,0.0,2019-08-20T03:00:00+00:00,1.25
739,California,13.25,0.0,2019-08-20T04:00:00+00:00,1.66
740,California,13.21,0.0,2019-08-20T05:00:00+00:00,2.08
741,California,13.17,0.0,2019-08-20T06:00:00+00:00,2.49
742,California,13.12,0.0,2019-08-20T07:00:00+00:00,2.61
743,California,13.07,0.0,2019-08-20T08:00:00+00:00,2.73
744,California,13.02,0.0,2019-08-20T09:00:00+00:00,2.85
745,California,12.84,0.0,2019-08-20T10:00:00+00:00,2.71
746,California,12.66,0.0,2019-08-20T11:00:00+00:00,2.56
747,California,12.48,0.0,2019-08-20T12:00:00+00:00,2.42
748,California,14.44,0.0,2019-08-20T13:00:00+00:00,1.72
749,California,16.39,0.0,2019-08-20T14:00:00+00:00,1.02
750,California,18.35,0.0,2019-08-20T15:00:00+00:00,0.32
751,California,20.05,0.0,2019-08-20T16:00:00+00:00,1.32
752,California,21.75,0.0,2019-08-20T17:00:00+00:00,2.32
753,California,23.45,0.0,2019-08-20T18:00:00+00:00,3.32
754,California,23.82,0.0,2019-08-20T19:00:00+00:00,3.61
755,California,24.18,0.0,2019-08-20T20:00:00+00:00,3.89
756,California,24.55,0.0,2019-08-20T21:00:00+00:00,4.18
757,California,23.95,0.0,2019-08-20T22:00:00+00:00,4.03
758,California,23.36,0.0,2019-08-20T23:00:00+00:00,3.88
759,California,-2.17,27.19,2019-12-24T01:00:00+00:00,2.31
760,California,-2.5,22.65,2019-12-24T02:00:00+00:00,1.94
761,California,-2.83,18.11,2019-12-24T03:00:00+00:00,1.58
762,California,-2.92,13.57,2019-12-24T04:00:00+00:00,1.46
763,California,-3.01,9.04,2019-12-24T05:00:00+00:00,1.34
764,California,-3.1,4.5,2019-12-24T06:00:00+00:00,1.22
765,California,-3.44,4.16,2019-12-24T07:00:00+00:00,1.05
766,California,-3.78,3.83,2019-12-24T08:00:00+00:00,0.87
767,California,-4.12,3.49,2019-12-24T09:00:00+00:00,0.7
768,California,-4.89,3.15,2019-12-24T10:00:00+00:00,0.68
769,California,-5.65,2.81,2019-12-24T11:00:00+00:00,0.65
770,California,-6.42,2.48,2019-12-24T12:00:00+00:00,0.63
771,California,-6.89,2.36,2019-12-24T13:00:00+00:00,1.03
772,California,-7.37,2.25,2019-12-24T14:00:00+00:00,1.44
773,California,-7.84,2.14,2019-12-24T15:00:00+00:00,1.84
774,California,-6.09,2.02,2019-12-24T16:00:00+00:00,1.75
775,California,-4.33,1.91,2019-12-24T17:00:00+00:00,1.67
776,California,-2.58,1.8,2019-12-24T18:00:00+00:00,1.58
777,California,-2.69,1.99,2019-12-24T19:00:00+00:00,1.7
778,California,-2.79,2.18,2019-12-24T20:00:00+00:00,1.82
779,California,-2.9,2.36,2019-12-24T21:00:00+00:00,1.94
780,California,-3.44,2.55,2019-12-24T22:00:00+00:00,1.89
781,California,-3.97,2.74,2019-12-24T23:00:00+00:00,1.83
